{
    "accuracy": 0.6892950391644909,
    "f1-score-micro": 0.7901872175597159,
    "f1-score-macro": 0.6978244429133973
}