{
    "accuracy": 0.5835509138381201,
    "f1-score-micro": 0.5835509138381201,
    "f1-score-macro": 0.24567188788128605
}